{"schema":6,"addons":[{"id":"uBlock0@raymondhill.net","icons":{"32":"https://addons.mozilla.org/user-media/addon_icons/607/607454-32.png?modified=mcrushed","64":"https://addons.mozilla.org/user-media/addon_icons/607/607454-64.png?modified=mcrushed","128":"https://addons.mozilla.org/user-media/addon_icons/607/607454-128.png?modified=mcrushed"},"name":"uBlock Origin","version":"1.38.6","sourceURI":"https://addons.mozilla.org/firefox/downloads/file/3853583/ublock_origin-1.38.6-an+fx.xpi","homepageURL":"https://github.com/gorhill/uBlock#ublock-origin","supportURL":"https://old.reddit.com/r/uBlockOrigin/","description":"Finally, an efficient wide-spectrum content blocker. Easy on CPU and memory.","fullDescription":"uBlock Origin is not an \"ad blocker\", it's a wide-spectrum content blocker with CPU and memory efficiency as a primary feature.\n\n***\n\nOut of the box, these lists of filters are loaded and enforced:\n\n- EasyList (ads)\n- Peter Lowe’s Ad server list (ads and tracking)\n- EasyPrivacy (tracking)\n- Malware domains\n\nMore lists are available for you to select if you wish:\n\n- Fanboy’s Enhanced Tracking List\n- Dan Pollock’s hosts file\n- MVPS HOSTS\n- Spam404\n- And many others\n\nAdditionally, you can point-and-click to block JavaScript locally or globally, create your own global or local rules to override entries from filter lists, and many more advanced features.\n\n***\n\nFree.\nOpen source with public license (GPLv3)\nFor users by users.\n\nIf ever you really do want to contribute something, think about the people working hard to maintain the filter lists you are using, which were made available to use by all for free.\n\n***\n\n    Documentation\n    Release notes\n    Community support @ Reddit\n    Contributors @ GitHub\n    Contributors @ Crowdin","weeklyDownloads":124457,"type":"extension","creator":{"name":"Raymond Hill","url":"https://addons.mozilla.org/en-US/firefox/user/11423598/"},"developers":[],"screenshots":[{"url":"https://addons.mozilla.org/user-media/previews/full/238/238546.png?modified=1622132421","width":1011,"height":758,"thumbnailURL":"https://addons.mozilla.org/user-media/previews/thumbs/238/238546.jpg?modified=1622132421","thumbnailWidth":533,"thumbnailHeight":400,"caption":"The popup panel: default mode"},{"url":"https://addons.mozilla.org/user-media/previews/full/238/238548.png?modified=1622132423","width":1011,"height":758,"thumbnailURL":"https://addons.mozilla.org/user-media/previews/thumbs/238/238548.jpg?modified=1622132423","thumbnailWidth":533,"thumbnailHeight":400,"caption":"The dashboard: stock filter lists"},{"url":"https://addons.mozilla.org/user-media/previews/full/238/238547.png?modified=1622132425","width":1011,"height":758,"thumbnailURL":"https://addons.mozilla.org/user-media/previews/thumbs/238/238547.jpg?modified=1622132425","thumbnailWidth":533,"thumbnailHeight":400,"caption":"The popup panel: default-deny mode"},{"url":"https://addons.mozilla.org/user-media/previews/full/238/238549.png?modified=1622132426","width":1011,"height":758,"thumbnailURL":"https://addons.mozilla.org/user-media/previews/thumbs/238/238549.jpg?modified=1622132426","thumbnailWidth":533,"thumbnailHeight":400,"caption":"The dashboard: settings"},{"url":"https://addons.mozilla.org/user-media/previews/full/238/238552.png?modified=1622132430","width":970,"height":1800,"thumbnailURL":"https://addons.mozilla.org/user-media/previews/thumbs/238/238552.jpg?modified=1622132430","thumbnailWidth":216,"thumbnailHeight":400,"caption":"The popup panel in Firefox Preview: default mode with more blocking options revealed"},{"url":"https://addons.mozilla.org/user-media/previews/full/230/230370.png?modified=1622132432","width":800,"height":600,"thumbnailURL":"https://addons.mozilla.org/user-media/previews/thumbs/230/230370.jpg?modified=1622132432","thumbnailWidth":533,"thumbnailHeight":400,"caption":"The unified logger tells you all that uBO is seeing and doing"}],"contributionURL":"","averageRating":4.7694,"reviewCount":3407,"reviewURL":"https://addons.mozilla.org/en-US/firefox/addon/ublock-origin/reviews/","updateDate":1636381854000},{"id":"{b9db16a4-6edc-47ec-a1f4-b86292ed211d}","icons":{"32":"https://addons.mozilla.org/user-media/addon_icons/3/3006-32.png?modified=mcrushed","64":"https://addons.mozilla.org/user-media/addon_icons/3/3006-64.png?modified=mcrushed","128":"https://addons.mozilla.org/user-media/addon_icons/3/3006-128.png?modified=mcrushed"},"name":"Video DownloadHelper","version":"7.6.0","sourceURI":"https://addons.mozilla.org/firefox/downloads/file/3804074/video_downloadhelper-7.6.0-fx.xpi","homepageURL":"http://www.downloadhelper.net/","supportURL":"http://www.downloadhelper.net/support.php","description":"The easy way to download and convert Web videos from hundreds of YouTube-like sites.","fullDescription":"Video DownloadHelper is the most complete tool for extracting videos and image files from websites and saving them to your hard drive.\n\nJust surf the web as you normally do. When DownloadHelper detects embedded videos it can access for download, the toolbar icon highlights and a simple menu allows you to download files by simply clicking an item.\n\nFor instance, if you go to a YouTube page, you'll be able to download the video directly on your file system. It also works with most other popular video sites like DailyMotion, Facebook, Periscope, Vimeo, Twitch, Liveleak, Vine, UStream, Fox, Bloomberg, RAI, France 2-3, Break, Metacafe, and thousands of others.\n\nVideo DownloadHelper supports several types of streamings, making the add-on unique amongst Video downloaders: HTTP, HLS, DASH, … Whenever a site uses a non-supported streaming technology, Video DownloadHelper is able to capture the media directly from the screen and generate a video file.\n\nBesides downloading, Video DownloadHelper is also capable of making file conversions (i.e. change audio and video formats) and aggregation (combining separate audio and video into a single file). This is an upgrade feature that helps pay for the free stuff (we need to eat too). You are not compelled to use conversion for downloading videos from websites, and you can avoid picking variants marked as ADP to avoid the need for aggregation.\n\nVideo overview on how to use Video DownloadHelper: https://www.youtube.com/watch?v=mZT8yI60k_4\n\nSupport can be obtained from the dedicated support forum.\n\nPlease stay tuned by following us on Twitter (@downloadhelper), or Facebook.","weeklyDownloads":59106,"type":"extension","creator":{"name":"mig","url":"https://addons.mozilla.org/en-US/firefox/user/32479/"},"developers":[],"screenshots":[{"url":"https://addons.mozilla.org/user-media/previews/full/25/25993.png?modified=1622132280","width":200,"height":150,"thumbnailURL":"https://addons.mozilla.org/user-media/previews/thumbs/25/25993.jpg?modified=1622132280","thumbnailWidth":200,"thumbnailHeight":150,"caption":"Video DownloadHelper"},{"url":"https://addons.mozilla.org/user-media/previews/full/154/154820.png?modified=1622132280","width":327,"height":124,"thumbnailURL":"https://addons.mozilla.org/user-media/previews/thumbs/154/154820.jpg?modified=1622132280","thumbnailWidth":327,"thumbnailHeight":124,"caption":"Video DownloadHelper animated toobar icon"},{"url":"https://addons.mozilla.org/user-media/previews/full/154/154824.png?modified=1622132280","width":250,"height":200,"thumbnailURL":"https://addons.mozilla.org/user-media/previews/thumbs/154/154824.jpg?modified=1622132280","thumbnailWidth":250,"thumbnailHeight":200,"caption":"Video DownloadHelper main panel"},{"url":"https://addons.mozilla.org/user-media/previews/full/154/154822.png?modified=1622132280","width":361,"height":289,"thumbnailURL":"https://addons.mozilla.org/user-media/previews/thumbs/154/154822.jpg?modified=1622132280","thumbnailWidth":361,"thumbnailHeight":289,"caption":"Video DownloadHelper main panel"},{"url":"https://addons.mozilla.org/user-media/previews/full/154/154826.png?modified=1622132281","width":320,"height":317,"thumbnailURL":"https://addons.mozilla.org/user-media/previews/thumbs/154/154826.jpg?modified=1622132281","thumbnailWidth":320,"thumbnailHeight":317,"caption":"Video DownloadHelper available actions"},{"url":"https://addons.mozilla.org/user-media/previews/full/154/154828.png?modified=1622132281","width":293,"height":250,"thumbnailURL":"https://addons.mozilla.org/user-media/previews/thumbs/154/154828.jpg?modified=1622132281","thumbnailWidth":293,"thumbnailHeight":250,"caption":"Video DownloadHelper quality variants settings"}],"contributionURL":"","averageRating":4.2813,"reviewCount":12086,"reviewURL":"https://addons.mozilla.org/en-US/firefox/addon/video-downloadhelper/reviews/","updateDate":1630939550000},{"id":"{DDC359D1-844A-42a7-9AA1-88A850A938A8}","icons":{"32":"https://addons.mozilla.org/user-media/addon_icons/0/201-32.png?modified=75056c0c","64":"https://addons.mozilla.org/user-media/addon_icons/0/201-64.png?modified=75056c0c","128":"https://addons.mozilla.org/user-media/addon_icons/0/201-128.png?modified=75056c0c"},"name":"DownThemAll!","version":"4.2.6","sourceURI":"https://addons.mozilla.org/firefox/downloads/file/3455515/downthemall-4.2.6-fx.xpi","homepageURL":"https://www.downthemall.org/","supportURL":"https://www.downthemall.org/","description":"The Mass Downloader for your browser","fullDescription":"We're finally back!\n\nDownThemAll will help you select, queue, sort and run your downloads faster. It comes with advanced ways to select what links to download, and will remember your previous decisions so that you can queue more downloads with just OneClick!\n\nAdvanced users will also like using renaming masks, which let you automatically assign names (and even sub-folders within your downloads folder), fast-filtering or even custom, re-usable filters.\n\nDownThemAll is open-source and free. We spend a lot of time making it, and keep spending a lot of time improving it, and even fixing some problems in Firefox itself so DownThemAll! can work even better.\nWe will never add adware, spyware, user tracking or other nasty stuff. Therefore we rely on your donations exclusively to fund the development.\n\nWe are looking for people willing to help translate DownThemAll! to more languages. For a small guide on how to do that, please see our preliminary translation guide. You will get our gratitude, and the gratitude of all the users whose live you improved by bringing DownThemAll! to their language.\n\nPlease do NOT report any bugs and issues in the user review section, but file a bug report instead. This is the only way to make sure we actually see it, and it also makes communicating to us/with you a lot easier. Thanks\n\nPlease note: Version 4 of DownThemAll! is.a complete rewrite as a WebExtension, as the old add-on system was abandoned and disabled in Firefox. This was mozilla's decision, and there is nothing we can do about it. We are therefore limited to the tools the WebExtensions model provides to us, which sadly makes it impossible to provide some of the advanced features of DownThemAll! Version 3. Furthermore there are some bugs in Firefox that affect DownThemAll! as well, e.g. downloads will always succeed even if the server returns an error, but I fixed this in upcoming Firefox 71.\nHowever, we're still able to provide the advanced selection, queuing, file naming options of the old DownThemAll! and a lot more.","weeklyDownloads":5495,"type":"extension","creator":{"name":"Nils Maier","url":"https://addons.mozilla.org/en-US/firefox/user/105689/"},"developers":[],"screenshots":[{"url":"https://addons.mozilla.org/user-media/previews/full/224/224229.png?modified=1622132179","width":2400,"height":1463,"thumbnailURL":"https://addons.mozilla.org/user-media/previews/thumbs/224/224229.jpg?modified=1622132179","thumbnailWidth":533,"thumbnailHeight":325,"caption":"Quickly select links using advanced filters, automatically name files and folders with highly configurable masks"},{"url":"https://addons.mozilla.org/user-media/previews/full/224/224230.png?modified=1622132194","width":2274,"height":1504,"thumbnailURL":"https://addons.mozilla.org/user-media/previews/thumbs/224/224230.jpg?modified=1622132194","thumbnailWidth":533,"thumbnailHeight":353,"caption":"Watch your download queue progress according to your global and per-domain limits.\r\nQuickly filter and search your queue to manage to find specific downloads in your queue."},{"url":"https://addons.mozilla.org/user-media/previews/full/224/224231.png?modified=1622132196","width":506,"height":626,"thumbnailURL":"https://addons.mozilla.org/user-media/previews/thumbs/224/224231.jpg?modified=1622132196","thumbnailWidth":323,"thumbnailHeight":400,"caption":"DownThemAll! comes with a button that will allow you to quickly access it's main features, but it can be configured to be a OneClick! button instead."},{"url":"https://addons.mozilla.org/user-media/previews/full/224/224232.png?modified=1622132203","width":1222,"height":1104,"thumbnailURL":"https://addons.mozilla.org/user-media/previews/thumbs/224/224232.jpg?modified=1622132203","thumbnailWidth":443,"thumbnailHeight":400,"caption":"Add downloads from your context menu, e.g. the link, image or video you clicked, or only from queue from the part of the website you selected."},{"url":"https://addons.mozilla.org/user-media/previews/full/224/224233.png?modified=1622132207","width":1072,"height":788,"thumbnailURL":"https://addons.mozilla.org/user-media/previews/thumbs/224/224233.jpg?modified=1622132207","thumbnailWidth":533,"thumbnailHeight":392,"caption":"DownThemAll! is also present in your tools menu, so you still have full access to its features even when you configured it to not show the context menu and changed the button to OneClick!"},{"url":"https://addons.mozilla.org/user-media/previews/full/224/224234.png?modified=1622132213","width":1624,"height":966,"thumbnailURL":"https://addons.mozilla.org/user-media/previews/thumbs/224/224234.jpg?modified=1622132213","thumbnailWidth":533,"thumbnailHeight":317,"caption":"Of course, you can manually add downloads, too."},{"url":"https://addons.mozilla.org/user-media/previews/full/224/224235.png?modified=1622132221","width":1624,"height":966,"thumbnailURL":"https://addons.mozilla.org/user-media/previews/thumbs/224/224235.jpg?modified=1622132221","thumbnailWidth":533,"thumbnailHeight":317,"caption":"Batch downloads are supported as well."},{"url":"https://addons.mozilla.org/user-media/previews/full/224/224236.png?modified=1622132232","width":2274,"height":1576,"thumbnailURL":"https://addons.mozilla.org/user-media/previews/thumbs/224/224236.jpg?modified=1622132232","thumbnailWidth":533,"thumbnailHeight":369,"caption":"DownThemAll! comes with powerful preferences that let power users make the most of the extension, but also provides sensible defaults for people who just want to download quickly."}],"contributionURL":"https://paypal.me/NilsMaier?utm_content=product-page-contribute&utm_medium=referral&utm_source=addons.mozilla.org","averageRating":4.2281,"reviewCount":228,"reviewURL":"https://addons.mozilla.org/en-US/firefox/addon/downthemall/reviews/","updateDate":1574777386000},{"id":"extension@one-tab.com","icons":{"32":"https://addons.mozilla.org/user-media/addon_icons/525/525044-32.png?modified=mcrushed","64":"https://addons.mozilla.org/user-media/addon_icons/525/525044-64.png?modified=mcrushed","128":"https://addons.mozilla.org/user-media/addon_icons/525/525044-128.png?modified=mcrushed"},"name":"OneTab","version":"1.54","sourceURI":"https://addons.mozilla.org/firefox/downloads/file/3739030/onetab-1.54-an+fx.xpi","homepageURL":"http://www.one-tab.com","supportURL":"http://www.one-tab.com","description":"OneTab - Too many tabs? Convert tabs to a list and reduce browser memory","fullDescription":"Whenever you find yourself with too many tabs, click the OneTab icon to convert all of your tabs into a list. When you need to access the tabs again, you can either restore them individually or all at once.\n\nWhen your tabs are in the OneTab list, you will save memory and CPU utilization because you will have reduced the number of tabs open in your browser.\n\nPrivacy assurance\n\nInformation about your tabs are never transmitted or disclosed to either the OneTab developers or any other party. The only exception to this is if you intentionally click on our 'share as a web page' feature that allows you to upload your list of tabs into a web page in order to share them with others. Tabs are never shared unless you specifically use the 'share as a web page' button. We use Google's favicon generator to retrieve favicons for each domain in your list, but only the domain name is used and the full URL is never disclosed.\n\nAdditional Benefits\n\nDepending on how many scripts are running inside your tabs, moving them to OneTab can also speed up your computer by reducing the CPU load. We have also had reports that this also contributes to your computer resuming from sleep more quickly.\n\nFAQ: Why do I need OneTab, when I can just use my browser history?\nA: Your browser history contains every site you've ever visited. OneTab is typically used to store just the smaller selection of open tabs you are not finished with yet - such as when you are mid way through researching a topic.\n\nFAQ: Why do I need OneTab, when I can just use the \"bookmark all tabs\" browser feature?\nA: OneTab is the quickest way, with only one click, to store all of your open tabs into a list. Once they are in your list, OneTab makes it much easier to scan over, delete, label and manage your list of saved tabs. There are also plenty of special options and features, such as the ability to exclude certain web sites, to remove duplicates, and to export/import tabs.","weeklyDownloads":3579,"type":"extension","creator":{"name":"OneTab Team","url":"https://addons.mozilla.org/en-US/firefox/user/10945418/"},"developers":[],"screenshots":[{"url":"https://addons.mozilla.org/user-media/previews/full/174/174500.png?modified=1622132161","width":700,"height":438,"thumbnailURL":"https://addons.mozilla.org/user-media/previews/thumbs/174/174500.jpg?modified=1622132161","thumbnailWidth":533,"thumbnailHeight":334}],"contributionURL":"","averageRating":4.2087,"reviewCount":888,"reviewURL":"https://addons.mozilla.org/en-US/firefox/addon/onetab/reviews/","updateDate":1615201695000},{"id":"{a6c4a591-f1b2-4f03-b3ff-767e5bedf4e7}","icons":{"32":"https://addons.mozilla.org/user-media/addon_icons/853/853731-32.png?modified=a1617cd0","64":"https://addons.mozilla.org/user-media/addon_icons/853/853731-64.png?modified=a1617cd0","128":"https://addons.mozilla.org/user-media/addon_icons/853/853731-128.png?modified=a1617cd0"},"name":"User-Agent Switcher and Manager","version":"0.4.7.1","sourceURI":"https://addons.mozilla.org/firefox/downloads/file/3769639/user_agent_switcher_and_manager-0.4.7.1-an+fx.xpi","homepageURL":"http://add0n.com/useragent-switcher.html","supportURL":"https://add0n.com/useragent-switcher.html","description":"Spoof websites trying to gather information about your web navigation—like your browser type and operating system—to deliver distinct content you may not want.","fullDescription":"Usage example: You can alter your user-agent string to indicate you’re on a mobile device if you prefer seeing mobile versions of sites so they load quicker.\n\n--\n\nThis extension allows you to spoof your browser \"user-agent\" string to a custom designation, making it impossible for websites to know specific details about your browsing arrangement.\n\nOverviews:\nhttps://www.youtube.com/watch?v=-aVFxvF3N_E\nhttps://www.youtube.com/watch?v=4M6_Zc4o1MQ\n\nNotes:\n1. You can easily set custom \"user-agent\" strings from the toolbar popup\n2. The extension uses a two-factor technique to mimic your default \"user-agent\" string, which is the most reliable method\n3. The extension does not use any resources when it is not spoofing the user-agent\n4. The extension enables user-agent spoofing on specific domains only; it is conversely possible to exclude certain domains from spoofing. Check the Options page for more info.\n5. You can set per-site user-agent strings\n6. There is an option to randomize user-agent strings.\n7. It is possible to set user-agent string for a single window; you can have a separate user-agent string for each browser window\n\nSupported operating systems:\nWindows, Mac OS, Linux, Chromium OS, Ubuntu, Debian, Android, iOS, AmigaOS, OpenBSD, BeOS, Haiku, Solaris, NetBSD, FreeBSD, Slackware, SUSE, gentoo, Fedora, Gentoo, Mageia, CentOS, Mint, DragonFly, Kubuntu, Mandriva, Zenwalk, Unix, GNU, OS/2, AIX, QNX, BEOS, RISC OS, Symbian, Nintendo, OpenSolaris, Kubuntu\n\nSupported browsers:\nInternet Explorer, Safari, Chrome, Firefox, Opera, Edge, WebKit, Avant, Maxthon, Arora, Mozilla, Epiphany, Camino, Chimera, Chromium, Dragon, conkeror, Conkeror, Dillo, Links, Firebird, Swiftfox, Netscape, Flock, iCab, Iceape, icecat, IceCat, IceWeasel, Iron, Meleon, Konqueror, Lunascape, Lynx, MAXTHON, midori, Midori, KHTML, Mosaic, NetSurf, OmniWeb, Tablet, Mini, Phoenix, RockMelt, Safari, Browser, SeaMonkey, Slim, Webkit, w3m\n\nFor more info and general bug reports please use:\nhttps://add0n.com/useragent-switcher.html\n\nFor technical bug reports please use:\nhttps://github.com/ray-lothian/UserAgent-Switcher/","weeklyDownloads":12686,"type":"extension","creator":{"name":"Ray","url":"https://addons.mozilla.org/en-US/firefox/user/13129494/"},"developers":[],"screenshots":[{"url":"https://addons.mozilla.org/user-media/previews/full/188/188200.png?modified=1622132777","width":700,"height":438,"thumbnailURL":"https://addons.mozilla.org/user-media/previews/thumbs/188/188200.jpg?modified=1622132777","thumbnailWidth":533,"thumbnailHeight":334},{"url":"https://addons.mozilla.org/user-media/previews/full/202/202435.png?modified=1622132779","width":440,"height":280,"thumbnailURL":"https://addons.mozilla.org/user-media/previews/thumbs/202/202435.jpg?modified=1622132779","thumbnailWidth":440,"thumbnailHeight":280}],"contributionURL":"https://www.paypal.me/addondonation/10usd?utm_content=product-page-contribute&utm_medium=referral&utm_source=addons.mozilla.org","averageRating":4.3054,"reviewCount":150,"reviewURL":"https://addons.mozilla.org/en-US/firefox/addon/user-agent-string-switcher/reviews/","updateDate":1620231736000},{"id":"{4a313247-8330-4a81-948e-b79936516f78}","icons":{"32":"https://addons.mozilla.org/user-media/addon_icons/93/93451-32.png?modified=1628720703","64":"https://addons.mozilla.org/user-media/addon_icons/93/93451-64.png?modified=1628720703","128":"https://addons.mozilla.org/user-media/addon_icons/93/93451-128.png?modified=1628720703"},"name":"Image Search Options","version":"3.0.12","sourceURI":"https://addons.mozilla.org/firefox/downloads/file/3059971/image_search_options-3.0.12-fx.xpi","homepageURL":"http://saucenao.com/","supportURL":null,"description":"A customizable reverse image search tool that conveniently presents a variety of top image search engines.","fullDescription":"Just right-click any image you find on the web to pull up a context menu with useful reverse image search engines. You can even add your own, and customize the list to meet your needs.","weeklyDownloads":710,"type":"extension","creator":{"name":"Xamayon","url":"https://addons.mozilla.org/en-US/firefox/user/3982285/"},"developers":[],"screenshots":[{"url":"https://addons.mozilla.org/user-media/previews/full/192/192309.png?modified=1622132163","width":483,"height":525,"thumbnailURL":"https://addons.mozilla.org/user-media/previews/thumbs/192/192309.jpg?modified=1622132163","thumbnailWidth":368,"thumbnailHeight":400,"caption":"Right click context menu options for images allow easy access to an arbitrary number of reverse image search engines and other similar sites. Icons for each of the context menu options can be enabled, disabled, or modified independently."},{"url":"https://addons.mozilla.org/user-media/previews/full/192/192308.png?modified=1622132163","width":662,"height":525,"thumbnailURL":"https://addons.mozilla.org/user-media/previews/thumbs/192/192308.jpg?modified=1622132163","thumbnailWidth":504,"thumbnailHeight":400,"caption":"Options can be re-ordered, hidden or deleted, and additional options can be added. Each option can be customized in many ways to function with various sites, and to suit the taste of the user."},{"url":"https://addons.mozilla.org/user-media/previews/full/56/56754.png?modified=1622132163","width":694,"height":525,"thumbnailURL":"https://addons.mozilla.org/user-media/previews/thumbs/56/56754.jpg?modified=1622132163","thumbnailWidth":529,"thumbnailHeight":400,"caption":"Basic customization help covering the different ways variables can be used."}],"contributionURL":"","averageRating":4.7112,"reviewCount":66,"reviewURL":"https://addons.mozilla.org/en-US/firefox/addon/image-search-options/reviews/","updateDate":1561723465000},{"id":"langpack-en-GB@firefox.mozilla.org","icons":{"32":"https://addons.mozilla.org/static-server/img/addon-icons/default-32.png?v=20210601","64":"https://addons.mozilla.org/static-server/img/addon-icons/default-64.png?v=20210601","128":"https://addons.mozilla.org/static-server/img/addon-icons/default-128.png?v=20210601"},"name":"English (GB) Language Pack","version":"95.0buildid20211107.190147","sourceURI":"https://addons.mozilla.org/firefox/downloads/file/3864790/english_gb_language_pack-95.0buildid20211107.190147-fx.xpi","homepageURL":null,"supportURL":null,"description":"English (GB) Language Pack","fullDescription":null,"weeklyDownloads":1945,"type":"locale","creator":{"name":"Mozilla Firefox","url":"https://addons.mozilla.org/en-US/firefox/user/4757633/"},"developers":[],"screenshots":[],"contributionURL":"","averageRating":3.6876,"reviewCount":227,"reviewURL":"https://addons.mozilla.org/en-US/firefox/addon/english-gb-language-pack/reviews/","updateDate":1636320071000},{"id":"langpack-en-CA@firefox.mozilla.org","icons":{"32":"https://addons.mozilla.org/static-server/img/addon-icons/default-32.png?v=20210601","64":"https://addons.mozilla.org/static-server/img/addon-icons/default-64.png?v=20210601","128":"https://addons.mozilla.org/static-server/img/addon-icons/default-128.png?v=20210601"},"name":"English (CA) Language Pack","version":"95.0buildid20211107.190147","sourceURI":"https://addons.mozilla.org/firefox/downloads/file/3864789/english_ca_language_pack-95.0buildid20211107.190147-fx.xpi","homepageURL":null,"supportURL":null,"description":"Language pack for Firefox for en-CA","fullDescription":null,"weeklyDownloads":112,"type":"locale","creator":{"name":"Mozilla Firefox","url":"https://addons.mozilla.org/en-US/firefox/user/4757633/"},"developers":[],"screenshots":[],"contributionURL":"","averageRating":4.3095,"reviewCount":4,"reviewURL":"https://addons.mozilla.org/en-US/firefox/addon/english-ca-language-pack/reviews/","updateDate":1636320070000},{"id":"@testpilot-containers","icons":{"32":"https://addons.mozilla.org/user-media/addon_icons/782/782160-32.png?modified=mcrushed","64":"https://addons.mozilla.org/user-media/addon_icons/782/782160-64.png?modified=mcrushed","128":"https://addons.mozilla.org/user-media/addon_icons/782/782160-128.png?modified=mcrushed"},"name":"Firefox Multi-Account Containers","version":"8.0.1","sourceURI":"https://addons.mozilla.org/firefox/downloads/file/3862036/firefox_multi_account_containers-8.0.1-fx.xpi","homepageURL":"https://github.com/mozilla/multi-account-containers/#readme","supportURL":"https://github.com/mozilla/multi-account-containers/issues","description":"Firefox Multi-Account Containers lets you keep parts of your online life separated into color-coded tabs that preserve your privacy. Cookies are separated by container, allowing you to use the web with multiple identities or accounts simultaneously.","fullDescription":"About This Extension\n\nThe Firefox Multi-Account Containers extension lets you carve out a separate box for each of your online lives – no more opening a different browser just to check your work email! Here is a quick video showing you how it works.\n\nUnder the hood, it separates website storage into tab-specific Containers. Cookies downloaded by one Container are not available to other Containers. With the Firefox Multi-Account Containers extension, you can...\n\n    Sign in to two different accounts on the same site (for example, you could sign in to work email and home email in two different Container tabs.\n    Keep different kinds of browsing far away from each other (for example, you might use one Container tab for managing your Checking Account and a different Container tab for searching for new songs by your favorite band)\n    Avoid leaving social-network footprints all over the web (for example, you could use a Container tab for signing in to a social network, and use a different tab for visiting online news sites, keeping your social identity separate from tracking scripts on news sites)\n\n\nAfter installing the Firefox Multi-Account Containers extension, click the Containers icon to edit your Containers. Change their colors, names, and icons. Long-click the new tab button to open a new Container tab.\n\nPrivacy in Firefox Multi-Account Containers\n\nThe Firefox Multi-Account Containers extension does not send any information to Mozilla.\n\nHow does this compare to the Facebook Container extension?\nFacebook Container specifically isolates Facebook and works automatically. The Firefox Multi-Account Containers is a more general extension that allows you to create containers and determine which sites open in each container. This extension can be customized to suit your needs for multiple sites and multiple logins, but takes more time to set up than Facebook Container.\n\nYou can use Multi-Account Containers to create a container for Facebook and assign facebook.com to it. Multi-Account Containers will then make sure to only open facebook.com in the Facebook Container. However, unlike Facebook Container, Multi-Account Containers doesn’t prevent you from opening non-Facebook sites in your Facebook Container. So users of Multi-Account Containers need to take a bit extra care to make sure they leave the Facebook Container when navigating to other sites. In addition, Facebook Container assigns some Facebook-owned sites like Instagram and Messenger to the Facebook Container. With Multi-Account Containers, you will have to assign these in addition to facebook.com.\n\nFacebook Container also deletes Facebook cookies from your other containers on install and when you restart the browser, to clean up any potential Facebook trackers. Multi-Account Containers does not do that for you.\n\nCan I use both Multi-Account Containers and Facebook Container?\nYes, but you need to be a little careful. Don't use Multi-Account Container to assign facebook.com to a Container, and then try installing Facebook Container. If you a Multi-Account Containers user and want to use both addons, unassign facebook.com, messenger.com, and instagram.com first, then install Facebook Container.\n\nHaven't I seen this in Firefox before?\n\nFirefox Multi-Account Containers was first introduced as \"Containers\" available only in Firefox Nightly. It went on to be a Test Pilot Experiment, where we improved the user experience and added new features. Now it exists here as an extension that can be installed by all Firefox users.\n\nAlthough you can still use the feature built into Firefox Nightly, we recommend using this extension as it has a richer user experience.\n\nKeyboard shortcuts\n\nCtrl + . (period) keyboard shortcut is available to open the containers panel. You can then use tab and the enter keys to open new container tabs.","weeklyDownloads":8253,"type":"extension","creator":{"name":"Mozilla Firefox","url":"https://addons.mozilla.org/en-US/firefox/user/4757633/"},"developers":[],"screenshots":[{"url":"https://addons.mozilla.org/user-media/previews/full/196/196940.png?modified=1622132667","width":700,"height":386,"thumbnailURL":"https://addons.mozilla.org/user-media/previews/thumbs/196/196940.jpg?modified=1622132667","thumbnailWidth":533,"thumbnailHeight":294,"caption":"Containers let you separate the different parts of your online life."},{"url":"https://addons.mozilla.org/user-media/previews/full/196/196941.png?modified=1622132667","width":700,"height":386,"thumbnailURL":"https://addons.mozilla.org/user-media/previews/thumbs/196/196941.jpg?modified=1622132667","thumbnailWidth":533,"thumbnailHeight":294,"caption":"Select from categories like Shopping, Finance, and Work or create custom labels that work for you."},{"url":"https://addons.mozilla.org/user-media/previews/full/196/196942.png?modified=1622132667","width":700,"height":386,"thumbnailURL":"https://addons.mozilla.org/user-media/previews/thumbs/196/196942.jpg?modified=1622132667","thumbnailWidth":533,"thumbnailHeight":294,"caption":"Use color-coded labels to see different Containers at a glance."}],"contributionURL":"","averageRating":4.6349,"reviewCount":2632,"reviewURL":"https://addons.mozilla.org/en-US/firefox/addon/multi-account-containers/reviews/","updateDate":1635876886000},{"id":"{0b457cAA-602d-484a-8fe7-c1d894a011ba}","icons":{"32":"https://addons.mozilla.org/user-media/addon_icons/5/5648-32.png?modified=1611681404","64":"https://addons.mozilla.org/user-media/addon_icons/5/5648-64.png?modified=1611681404","128":"https://addons.mozilla.org/user-media/addon_icons/5/5648-128.png?modified=1611681404"},"name":"Full Web Page Screenshots (♥♥♥♥♥)","version":"0.99.15","sourceURI":"https://addons.mozilla.org/firefox/downloads/file/3816197/full_web_page_screenshots-0.99.15-an+fx.xpi","homepageURL":"http://getfireshot.com","supportURL":"https://getfireshot.com","description":"FireShot makes full page screen captures - http://bit.ly/RlBQMV\n\nScreenshots are quickly captured and:\n\n― Saved as Image / PDF with links and text *\n― Sent to clipboard\n― Printed\n― Annotated *\n― Uploaded *\n― E-Mailed *\n\n* OS Windows only","fullDescription":"If you like FireShot, please consider trying the FireShot Pro version.\nhttps://getfireshot.com/\n\nFireShot Pro - Capture + Annotate Full Webpage Screenshots captures entirely, edits and saves your webpages.\n\nThe newest FireShot Pro Full Webpage Screenshot version supports even early Firefox betas and it is available for downloading from FireShot: Full Webpage Screenshots + Annotations home.\n\nChrome version: https://chrome.google.com/webstore/detail/capture-webpage-screensho/mcbpblocgmgfnpjjppndjkmgjaogfceg\n\nFirefox, Chrome, Edge, Safari, Internet Explorer, Thunderbird, Pale Moon, Brave, and Opera support: https://getfireshot.com\n\nThe FireShot Pro Full Webpage Screenshot edition adds features such as:\n* Text-searchable PDFs [new]\n* Printing screenshot\n* Saving screenshots to single-page or multi-page PDFs with hyperlinks\n* Capturing all tabs to single PDF\n* Creating PDFs from selected captures from the Editor\n* Export to OneNote\n* Capturing all tabs in one click\n* Advanced Editor\n* Crop and Resize screenshot functionality\n* Undo/Redo\n* Clipboard\n* Uploading screenshots to custom HTTP or FTP servers\n* Work with projects\n* Better support for the online e-mail clients (GMail, Outlook, Yahoo, etc)\n\nFireShot Pro Full Webpage Screenshot is available for Firefox, Google Chrome, Edge, Safari, Internet Explorer, Seamonkey, and any Chromium-based browser. You can get it here: https://getfireshot.com/buy.php\n\nRead more about FireShot Pro Full Webpage Screenshot: Full Webpage Screenshots in Firefox\n\nIf you want, you can enable Advanced features from the FireShot's menu. This will require downloading and running the Native Messaging package. This is the only method, officially approved by Mozilla (read more: https://developer.mozilla.org/en-US/Add-ons/WebExtensions/Native_messaging).\n\nFollow us on Facebook: https://www.fb.com/WebpageCapture","weeklyDownloads":3509,"type":"extension","creator":{"name":"susbox","url":"https://addons.mozilla.org/en-US/firefox/user/182054/"},"developers":[],"screenshots":[{"url":"https://addons.mozilla.org/user-media/previews/full/164/164384.png?modified=1622132168","width":700,"height":465,"thumbnailURL":"https://addons.mozilla.org/user-media/previews/thumbs/164/164384.jpg?modified=1622132168","thumbnailWidth":533,"thumbnailHeight":354,"caption":"Full web page screenshots, capture to image or PDF."},{"url":"https://addons.mozilla.org/user-media/previews/full/82/82280.png?modified=1622132168","width":351,"height":243,"thumbnailURL":"https://addons.mozilla.org/user-media/previews/thumbs/82/82280.jpg?modified=1622132168","thumbnailWidth":351,"thumbnailHeight":243,"caption":"Adding comments to screenshots is as easy as 1-2-3. Perfect tool for designers and QA."},{"url":"https://addons.mozilla.org/user-media/previews/full/82/82278.png?modified=1622132168","width":351,"height":243,"thumbnailURL":"https://addons.mozilla.org/user-media/previews/thumbs/82/82278.jpg?modified=1622132168","thumbnailWidth":351,"thumbnailHeight":243,"caption":"It's easy to add a custom text in FireShot Webpage Screenshot"},{"url":"https://addons.mozilla.org/user-media/previews/full/82/82276.png?modified=1622132168","width":351,"height":243,"thumbnailURL":"https://addons.mozilla.org/user-media/previews/thumbs/82/82276.jpg?modified=1622132168","thumbnailWidth":351,"thumbnailHeight":243,"caption":"Editing screenshot in the built-in Editor"}],"contributionURL":"","averageRating":4.6204,"reviewCount":618,"reviewURL":"https://addons.mozilla.org/en-US/firefox/addon/fireshot/reviews/","updateDate":1627400440000},{"id":"nimbusscreencaptureff@everhelper.me","icons":{"32":"https://addons.mozilla.org/user-media/addon_icons/448/448002-32.png?modified=1551873794","64":"https://addons.mozilla.org/user-media/addon_icons/448/448002-64.png?modified=1551873794","128":"https://addons.mozilla.org/user-media/addon_icons/448/448002-128.png?modified=1551873794"},"name":"Nimbus Screen Capture:  Screenshot, Edit, Annotate","version":"15.6.9","sourceURI":"https://addons.mozilla.org/firefox/downloads/file/3617883/nimbus_screen_capture_screenshot_edit_annotate-15.6.9-fx.xpi","homepageURL":"http://nimbusweb.me/screenshot.php","supportURL":"https://fvdmedia.userecho.com/forums/4-nimbus-products/categories/39-nimbus-capture-firefox/topics/","description":"★ Used by Several Million users on different platforms ★\n1) Screen capture web pages\n2) Selected regions\n3) Whole browser window\n4) Slack upload\nEdit screenshots. Save images as local files or Google Drive. Tools for Annotation. Upload and share","fullDescription":"Chrome version:\nhttps://chrome.google.com/webstore/detail/nimbus-screenshot/bpconcjcammlapcogcnnelfmaeghhagj/\n\n✔ Screen capture whole or partial screenshots\n✔ Supports scrolling when capturing screenshots from web pages.\n✔ Edit and annotate screenshots\n✔ Quickly Upload and Share screenshots and screencasts\n\n📷 Capture screenshots\n\n▸ Capture the entire web page, or a specific section of it\n▸ Supports scrolling when capturing screenshots from web pages\n▸ Capture the entire browser window\n▸ Capture a screenshot of another program\n▸ Quickly capture a section of the webpage\n▸ On a blank canvas, create your own simple drawing or model\n▸ You can add own watermark on screenshot (Premium)\n\n✄ Edit your screenshots\n\n▸ Add graphics and text boxes to your screenshot\n▸ Resize and crop\n▸ Add arrows and stickers\n▸ Highlight text\n▸ Blur certain sections to hide sensitive information\n▸ Add watermarks (premium)\n\n🚀 Share your screenshots\n\n▸ Save screenshots in JPG and PNG\n▸ Save to Nimbus Note\n▸ Send screenshots to Slack\n▸ Upload screenshots to Google Drive, and Google Classroom\n▸ Upload screenshots to Dropbox (Premium)\n▸ Save screenshots to a PDF\n▸ Add comments to your screenshots and screencasts\n\n3 easy ways to capture a screenshot\n\n1) Click a small icon in your address bar.\n2) Right-click and choose an item from the context menu.\n3) Use custom hot keys that you configure in Nimbus Screenshot settings.\n\nNimbus Screenshot supports horizontal scrolling.\n\nPrivacy:\nhttps://nimbus.everhelper.me/privacy.php\n\nTo save screenshots to Nimbus Note, the user must create a Nimbus Note account. To that end the user must enter an email address and create a password. The email and the password will be stored on the server and will be used to identify the user. Nimbus Note employees do NOT have access to user data.\n\nWhen saving screenshots to Nimbus Note, the system data (OS version) and the browser data (browser version) are also sent. This data is used exclusively for statistics and not transmitted to a third party.\n\nWhen creating screenshots, the link to the site is also saved. This is used to generate a screenshot name, for example site-com-date.jpg","weeklyDownloads":1275,"type":"extension","creator":{"name":"Nimbus Web","url":"https://addons.mozilla.org/en-US/firefox/user/11816702/"},"developers":[],"screenshots":[{"url":"https://addons.mozilla.org/user-media/previews/full/112/112145.png?modified=1622132270","width":700,"height":374,"thumbnailURL":"https://addons.mozilla.org/user-media/previews/thumbs/112/112145.jpg?modified=1622132270","thumbnailWidth":533,"thumbnailHeight":285,"caption":"Select custom area with zoom preview."},{"url":"https://addons.mozilla.org/user-media/previews/full/112/112146.png?modified=1622132270","width":700,"height":386,"thumbnailURL":"https://addons.mozilla.org/user-media/previews/thumbs/112/112146.jpg?modified=1622132270","thumbnailWidth":533,"thumbnailHeight":294,"caption":"Different types of shapes and BLUR for custom areas"},{"url":"https://addons.mozilla.org/user-media/previews/full/180/180187.png?modified=1622132270","width":671,"height":525,"thumbnailURL":"https://addons.mozilla.org/user-media/previews/thumbs/180/180187.jpg?modified=1622132270","thumbnailWidth":511,"thumbnailHeight":400,"caption":"Direct Slack upload in one click. No third-party services!"},{"url":"https://addons.mozilla.org/user-media/previews/full/112/112147.png?modified=1622132270","width":698,"height":525,"thumbnailURL":"https://addons.mozilla.org/user-media/previews/thumbs/112/112147.jpg?modified=1622132270","thumbnailWidth":532,"thumbnailHeight":400,"caption":"Save and upload options"},{"url":"https://addons.mozilla.org/user-media/previews/full/117/117019.png?modified=1622132271","width":700,"height":374,"thumbnailURL":"https://addons.mozilla.org/user-media/previews/thumbs/117/117019.jpg?modified=1622132271","thumbnailWidth":533,"thumbnailHeight":285,"caption":"Share screenshots with your friends"},{"url":"https://addons.mozilla.org/user-media/previews/full/117/117020.png?modified=1622132271","width":700,"height":380,"thumbnailURL":"https://addons.mozilla.org/user-media/previews/thumbs/117/117020.jpg?modified=1622132271","thumbnailWidth":533,"thumbnailHeight":289,"caption":"Access saved screenshots with Nimbus Account"}],"contributionURL":"https://paypal.me/nimbusweb?utm_content=product-page-contribute&utm_medium=referral&utm_source=addons.mozilla.org","averageRating":3.9533,"reviewCount":296,"reviewURL":"https://addons.mozilla.org/en-US/firefox/addon/nimbus-screenshot/reviews/","updateDate":1597049810000},{"id":"keepassxc-browser@keepassxc.org","icons":{"32":"https://addons.mozilla.org/user-media/addon_icons/917/917354-32.png?modified=1586435702","64":"https://addons.mozilla.org/user-media/addon_icons/917/917354-64.png?modified=1586435702","128":"https://addons.mozilla.org/user-media/addon_icons/917/917354-128.png?modified=1586435702"},"name":"KeePassXC-Browser","version":"1.7.9.1","sourceURI":"https://addons.mozilla.org/firefox/downloads/file/3813940/keepassxc_browser-1.7.9.1-fx.xpi","homepageURL":"https://keepassxc.org/","supportURL":"https://github.com/keepassxreboot/keepassxc-browser","description":"Official browser plugin for the KeePassXC password manager (https://keepassxc.org).","fullDescription":"Official browser plugin for the KeePassXC password manager (https://keepassxc.org).\n\nThe thing computers can do best is storing information.\nYou shouldn't waste your time trying to remember and type your passwords.\nKeePassXC can store your passwords safely and auto-type them into your everyday websites and applications.","weeklyDownloads":1940,"type":"extension","creator":{"name":"KeePassXC Team","url":"https://addons.mozilla.org/en-US/firefox/user/13036987/"},"developers":[],"screenshots":[{"url":"https://addons.mozilla.org/user-media/previews/full/197/197999.png?modified=1622132902","width":700,"height":198,"thumbnailURL":"https://addons.mozilla.org/user-media/previews/thumbs/197/197999.jpg?modified=1622132902","thumbnailWidth":533,"thumbnailHeight":151,"caption":"KeePassXC"},{"url":"https://addons.mozilla.org/user-media/previews/full/234/234592.png?modified=1622132905","width":1513,"height":1047,"thumbnailURL":"https://addons.mozilla.org/user-media/previews/thumbs/234/234592.jpg?modified=1622132905","thumbnailWidth":533,"thumbnailHeight":369,"caption":"Settings page"}],"contributionURL":"https://www.paypal.me/jbevendorff?utm_content=product-page-contribute&utm_medium=referral&utm_source=addons.mozilla.org","averageRating":4.2944,"reviewCount":175,"reviewURL":"https://addons.mozilla.org/en-US/firefox/addon/keepassxc-browser/reviews/","updateDate":1626959450000},{"id":"{72b2e02b-3a71-4895-886c-fd12ebe36ba3}","icons":{"32":"https://addons.mozilla.org/user-media/addon_icons/728/728674-32.png?modified=mcrushed","64":"https://addons.mozilla.org/user-media/addon_icons/728/728674-64.png?modified=mcrushed","128":"https://addons.mozilla.org/user-media/addon_icons/728/728674-128.png?modified=mcrushed"},"name":"Bulk Media Downloader","version":"0.2.2","sourceURI":"https://addons.mozilla.org/firefox/downloads/file/3704473/bulk_media_downloader-0.2.2-fx.xpi","homepageURL":"http://add0n.com/media-tools.html","supportURL":"https://github.com/inbasic/bulk-media-downloader","description":"Grab and download media (image, audio, and video) resources by monitoring network (like FlashGot or Flash video downloader extensions)","fullDescription":"Bulk Media Downloader extension is a lightweight alternative to media grabbing extensions like FlashGot or Flash video Downloader extension.\n\nIt grabs and downloads all sort of media resources in bulk. You can filter different types to prevent cluttering the grabber window. It also has a pause button to stop appending more resources.\n\nBulk Media Downloader supports Turbo Download Manager extension (From Firefox 50.0).\n\nNote that network observer is only active when the grabber window is open, hence this extension has no effect on your browser performance when the grabber window is closed.","weeklyDownloads":265,"type":"extension","creator":{"name":"InBasic","url":"https://addons.mozilla.org/en-US/firefox/user/40154/"},"developers":[],"screenshots":[{"url":"https://addons.mozilla.org/user-media/previews/full/177/177883.png?modified=1622132541","width":700,"height":438,"thumbnailURL":"https://addons.mozilla.org/user-media/previews/thumbs/177/177883.jpg?modified=1622132541","thumbnailWidth":533,"thumbnailHeight":334}],"contributionURL":"https://www.paypal.me/addondonation/10usd?utm_content=product-page-contribute&utm_medium=referral&utm_source=addons.mozilla.org","averageRating":2.0433,"reviewCount":431,"reviewURL":"https://addons.mozilla.org/en-US/firefox/addon/bulk-media-downloader/reviews/","updateDate":1609935920000},{"id":"exif_viewer@mozilla.doslash.org","icons":{"32":"https://addons.mozilla.org/user-media/addon_icons/3/3905-32.png?modified=06451804","64":"https://addons.mozilla.org/user-media/addon_icons/3/3905-64.png?modified=06451804","128":"https://addons.mozilla.org/user-media/addon_icons/3/3905-128.png?modified=06451804"},"name":"Exif Viewer","version":"3.7.5","sourceURI":"https://addons.mozilla.org/firefox/downloads/file/993242/exif_viewer-3.7.5-an+fx.xpi","homepageURL":"http://araskin.webs.com/exif/exif.html","supportURL":"http://araskin.webs.com/exif/exif.html","description":"Displays the Exif and IPTC data in local and remote JPEG images.","fullDescription":"Extracts and displays the Exif (Exchangeable Image File), IPTC-NAA/IIM (International Press Telecommunications Council / Newspaper Association of America / Information Interchange Model), and IPTC Core (Adobe XMP, Extensible Metadata Platform) metadata, as stored by digital still cameras, in both local and remote JPEG images.","weeklyDownloads":220,"type":"extension","creator":{"name":"Alan Raskin","url":"https://addons.mozilla.org/en-US/firefox/user/72273/"},"developers":[],"screenshots":[{"url":"https://addons.mozilla.org/user-media/previews/full/192/192605.png?modified=1622132519","width":506,"height":525,"thumbnailURL":"https://addons.mozilla.org/user-media/previews/thumbs/192/192605.jpg?modified=1622132519","thumbnailWidth":386,"thumbnailHeight":400,"caption":"Typical EXIF display (partial) in tabular format"},{"url":"https://addons.mozilla.org/user-media/previews/full/193/193491.png?modified=1622132519","width":492,"height":525,"thumbnailURL":"https://addons.mozilla.org/user-media/previews/thumbs/193/193491.jpg?modified=1622132519","thumbnailWidth":375,"thumbnailHeight":400,"caption":"Typical RGB and HSL histograms"}],"contributionURL":"","averageRating":3.3043,"reviewCount":26,"reviewURL":"https://addons.mozilla.org/en-US/firefox/addon/exif-viewer/reviews/","updateDate":1529524506000},{"id":"@m3u8link","icons":{"32":"https://addons.mozilla.org/user-media/addon_icons/706/706921-32.png?modified=ba0f1c24","64":"https://addons.mozilla.org/user-media/addon_icons/706/706921-64.png?modified=ba0f1c24","128":"https://addons.mozilla.org/user-media/addon_icons/706/706921-128.png?modified=ba0f1c24"},"name":"The Stream Detector","version":"2.8.7","sourceURI":"https://addons.mozilla.org/firefox/downloads/file/3864412/the_stream_detector-2.8.7-fx.xpi","homepageURL":"https://github.com/rowrawer/stream-detector/","supportURL":null,"description":"Detects playlists and subtitles used by HLS/DASH/HDS/MSS streams. Assembles readymade youtube-dl/FFmpeg/Streamlink/hlsdl/N_m3u8DL-CLI commands.","fullDescription":"This addon provides an easy way to keep track of M3U8/MPD/F4M/ISM playlists and VTT/SRT/TTML/TTML2/DFXP subtitles used by Apple HLS, Adobe HDS, MPEG-DASH, and Microsoft Smooth Streaming streams.\n\nCopy URLs by clicking their filenames in the addon's popup menu (accessed by clicking on the toolbar icon). URLs can either be copied as they are or transformed into readymade youtube-dl (recommended), FFmpeg, Streamlink, hlsdl or N_m3u8DL-CLI commands, including the User-Agent, Cookie, and Referer headers. The chosen tool then downloads the stream into a single file until it is finished or stopped. Use the addon's options page to customize your experience.\n\nNote that websites such as YouTube, Vimeo, Facebook, etc. are very likely to use proprietary technologies which are not supported by this addon. When it comes to such \"mainstream\" services, it's better to use the tools (e.g. youtube-dl) directly.","weeklyDownloads":1497,"type":"extension","creator":{"name":"rowrawer","url":"https://addons.mozilla.org/en-US/firefox/user/12326317/"},"developers":[],"screenshots":[{"url":"https://addons.mozilla.org/user-media/previews/full/204/204894.png?modified=1622313717","width":265,"height":91,"thumbnailURL":"https://addons.mozilla.org/user-media/previews/thumbs/204/204894.jpg?modified=1622313717","thumbnailWidth":265,"thumbnailHeight":91,"caption":"Toolbar icon."},{"url":"https://addons.mozilla.org/user-media/previews/full/239/239317.png?modified=1622313717","width":603,"height":219,"thumbnailURL":"https://addons.mozilla.org/user-media/previews/thumbs/239/239317.jpg?modified=1622313717","thumbnailWidth":533,"thumbnailHeight":194,"caption":"Popup menu."},{"url":"https://addons.mozilla.org/user-media/previews/full/239/239286.png?modified=1622313717","width":383,"height":266,"thumbnailURL":"https://addons.mozilla.org/user-media/previews/thumbs/239/239286.jpg?modified=1622313717","thumbnailWidth":383,"thumbnailHeight":266,"caption":"Options menu."}],"contributionURL":"","averageRating":4.3404,"reviewCount":45,"reviewURL":"https://addons.mozilla.org/en-US/firefox/addon/hls-stream-detector/reviews/","updateDate":1636235157000},{"id":"jid1-vs5odTmtIydjMg@jetpack","icons":{"32":"https://addons.mozilla.org/user-media/addon_icons/583/583516-32.png?modified=1635549853","64":"https://addons.mozilla.org/user-media/addon_icons/583/583516-64.png?modified=1635549853","128":"https://addons.mozilla.org/user-media/addon_icons/583/583516-128.png?modified=1635549853"},"name":"Copy Selected Links","version":"2.4.1","sourceURI":"https://addons.mozilla.org/firefox/downloads/file/3860788/copy_selected_links-2.4.1-fx.xpi","homepageURL":"https://gitlab.com/Marnes/copy-selected-links","supportURL":"https://gitlab.com/Marnes/copy-selected-links/issues","description":"Right-click selected text to copy the URL of any links it contains.","fullDescription":"Available for Chrome too.\n\nFunctionality\nWhen you select text in a page and your selection contains links, you can right-click anywhere on the selection (or use a browser hotkey) to copy the URLs and/or texts of all those links at once, or open them in tabs.\n\nUsage notes\n\n    right-clicking a link without having selected links will also show the context menu item. Clicking it will simply copy the URL of the link you right-clicked.\n    selecting links, then right-clicking another link and clicking the context menu item will copy the URLs of the links you selected and of the link you right-clicked\n\n\nThe Options screen will automatically open after add-on updates if they force a change to any of your settings.\n\nPlease rate/review/donate! :)\nA lot of time and work goes into creating my addons, and making changes or troubleshooting issues for users.\n\nProblem, bug, broken, question, request?\nPlease use the linked support site or email for all non-review communication. AMO policy protects both users and developers by demanding certain quality standards from addons as well as reviews. Severely disfunctional addons are not published. Reviews and ratings must consider the entire addon, set reasonable expectations, and be timeless: a bad rating focusing solely on a systemic bug or on a problem not suffered by other users will stay long after the issue is resolved. AMO also gives extremely limited communication abilities, so contacting me properly will get your issue resolved much better and faster.","weeklyDownloads":132,"type":"extension","creator":{"name":"Marnes","url":"https://addons.mozilla.org/en-US/firefox/user/4545060/"},"developers":[],"screenshots":[{"url":"https://addons.mozilla.org/user-media/previews/full/152/152592.png?modified=1622132282","width":700,"height":394,"thumbnailURL":"https://addons.mozilla.org/user-media/previews/thumbs/152/152592.jpg?modified=1622132282","thumbnailWidth":533,"thumbnailHeight":300}],"contributionURL":"https://www.buymeacoffee.com/marnes?utm_content=product-page-contribute&utm_medium=referral&utm_source=addons.mozilla.org","averageRating":4.8955,"reviewCount":39,"reviewURL":"https://addons.mozilla.org/en-US/firefox/addon/copy-selected-links/reviews/","updateDate":1635606369000},{"id":"{0c8fbd76-bdeb-4c52-9b24-d587ce7b9dc3}","icons":{"32":"https://addons.mozilla.org/user-media/addon_icons/2/2570-32.png?modified=mcrushed","64":"https://addons.mozilla.org/user-media/addon_icons/2/2570-64.png?modified=mcrushed","128":"https://addons.mozilla.org/user-media/addon_icons/2/2570-128.png?modified=mcrushed"},"name":"Resurrect Pages","version":"8","sourceURI":"https://addons.mozilla.org/firefox/downloads/file/3640440/resurrect_pages-8-an+fx.xpi","homepageURL":"https://github.com/arantius/resurrect-pages","supportURL":"http://trac.arantius.com/wiki/Extensions/Resurrect","description":"Dead pages, broken links, the scourge of the internet. Powerhouse sites like Slashdot and Digg can bring a server to its knees. What do we do when a page is dead but we still want to see it? Call in the clerics, and perform a resurrection...","fullDescription":"Dead pages, broken links, the scourge of the internet. Powerhouse sites like Slashdot and Digg can bring a server to its knees. What do we do when a page is dead but we still want to see it? Call in the clerics, and perform a resurrection ceremony! Or, the easier route, use this extension.\nFeatures\n\nSearches through five big page cache/mirrors:\no Google Cache\no The Internet Archive\no WebCite\no archive.is\n\nOf course, not every page can be in every cache. When a page is unavailable, you'll generally see that site's error page. Hit back and try another one!\n* Accessible:\no In the context (right-click) menu for the current page, and for all links.\no In the toolbar, just customize it to drag the button in.\no With the keyboard: press Ctrl-Shift-U\n\n\nPLEASE DO NOT POST PROBLEMS IN COMMENTS\n\nThe author will not see your complaints. To report a problem, request a feature, or otherwise communicate with the author, please file an issue:\n\nhttps://github.com/arantius/resurrect-pages/issues","weeklyDownloads":89,"type":"extension","creator":{"name":"Anthony Lieuallen","url":"https://addons.mozilla.org/en-US/firefox/user/833/"},"developers":[],"screenshots":[{"url":"https://addons.mozilla.org/user-media/previews/full/187/187231.png?modified=1622132278","width":381,"height":280,"thumbnailURL":"https://addons.mozilla.org/user-media/previews/thumbs/187/187231.jpg?modified=1622132278","thumbnailWidth":381,"thumbnailHeight":280,"caption":"Mirror selection context menu."}],"contributionURL":"","averageRating":4.5612,"reviewCount":78,"reviewURL":"https://addons.mozilla.org/en-US/firefox/addon/resurrect-pages/reviews/","updateDate":1599666315000}]}