{"version":4,"lastUserContextId":13,"identities":[{"userContextId":5,"public":false,"icon":"","color":"","name":"userContextIdInternal.thumbnail","accessKey":""},{"userContextId":4294967295,"public":false,"icon":"","color":"","name":"userContextIdInternal.webextStorageLocal","accessKey":""},{"userContextId":6,"public":true,"icon":"circle","color":"yellow","name":"Alias 01"},{"userContextId":7,"public":true,"icon":"circle","color":"blue","name":"Alias 02"},{"userContextId":8,"public":true,"icon":"circle","color":"red","name":"Alias 03"},{"userContextId":9,"public":true,"icon":"circle","color":"pink","name":"Alias 04"},{"userContextId":11,"public":true,"icon":"circle","color":"pink","name":"Leaks"},{"userContextId":12,"public":true,"icon":"circle","color":"purple","name":"Google"},{"userContextId":13,"public":true,"icon":"fence","color":"red","name":"Harmful"}]}