{"doh-rollout@mozilla.org":{"permissions":["internal:privateBrowsingAllowed"],"origins":[]},"formautofill@mozilla.org":{"permissions":["internal:privateBrowsingAllowed"],"origins":[]},"screenshots@mozilla.org":{"permissions":["internal:privateBrowsingAllowed"],"origins":[]},"webcompat@mozilla.org":{"permissions":["internal:privateBrowsingAllowed"],"origins":[]},"default-theme@mozilla.org":{"permissions":["internal:privateBrowsingAllowed"],"origins":[]},"google@search.mozilla.org":{"permissions":["internal:privateBrowsingAllowed"],"origins":[]},"amazondotcom@search.mozilla.org":{"permissions":["internal:privateBrowsingAllowed"],"origins":[]},"wikipedia@search.mozilla.org":{"permissions":["internal:privateBrowsingAllowed"],"origins":[]},"bing@search.mozilla.org":{"permissions":["internal:privateBrowsingAllowed"],"origins":[]},"ddg@search.mozilla.org":{"permissions":["internal:privateBrowsingAllowed"],"origins":[]},"ebay@search.mozilla.org":{"permissions":["internal:privateBrowsingAllowed"],"origins":[]},"{DDC359D1-844A-42a7-9AA1-88A850A938A8}":{"permissions":["internal:privateBrowsingAllowed"],"origins":[]},"{b9db16a4-6edc-47ec-a1f4-b86292ed211d}":{"permissions":["internal:privateBrowsingAllowed"],"origins":[]},"{0b457cAA-602d-484a-8fe7-c1d894a011ba}":{"permissions":["internal:privateBrowsingAllowed"],"origins":[]},"nimbusscreencaptureff@everhelper.me":{"permissions":["internal:privateBrowsingAllowed"],"origins":[]},"exif_viewer@mozilla.doslash.org":{"permissions":["internal:privateBrowsingAllowed"],"origins":[]},"{a6c4a591-f1b2-4f03-b3ff-767e5bedf4e7}":{"permissions":["internal:privateBrowsingAllowed"],"origins":[]},"{4a313247-8330-4a81-948e-b79936516f78}":{"permissions":["internal:privateBrowsingAllowed"],"origins":[]},"{0c8fbd76-bdeb-4c52-9b24-d587ce7b9dc3}":{"permissions":["internal:privateBrowsingAllowed"],"origins":[]},"jid1-vs5odTmtIydjMg@jetpack":{"permissions":["internal:privateBrowsingAllowed"],"origins":[]},"extension@one-tab.com":{"permissions":["internal:privateBrowsingAllowed"],"origins":[]},"keepassxc-browser@keepassxc.org":{"permissions":["internal:privateBrowsingAllowed"],"origins":[]},"{72b2e02b-3a71-4895-886c-fd12ebe36ba3}":{"permissions":["internal:privateBrowsingAllowed"],"origins":[]},"uBlock0@raymondhill.net":{"permissions":["internal:privateBrowsingAllowed"],"origins":[]},"@m3u8link":{"permissions":["internal:privateBrowsingAllowed"],"origins":[]},"pictureinpicture@mozilla.org":{"permissions":["internal:svgContextPropertiesAllowed","internal:privateBrowsingAllowed"],"origins":[]},"@testpilot-containers":{"permissions":["internal:svgContextPropertiesAllowed"],"origins":[]},"addons-search-detection@mozilla.com":{"permissions":["internal:svgContextPropertiesAllowed","internal:privateBrowsingAllowed"],"origins":[]},"proxy-failover@mozilla.com":{"permissions":["internal:svgContextPropertiesAllowed","internal:privateBrowsingAllowed"],"origins":[]},"reset-search-defaults@mozilla.com":{"permissions":["internal:svgContextPropertiesAllowed","internal:privateBrowsingAllowed"],"origins":[]}}