{"version":2,"commands":{},"url_overrides":{},"prefs":{"privacy.containers":{"initialValue":{},"precedenceList":[{"id":"{a6c4a591-f1b2-4f03-b3ff-767e5bedf4e7}","installDate":1602270023000,"value":"{a6c4a591-f1b2-4f03-b3ff-767e5bedf4e7}","enabled":true},{"id":"@testpilot-containers","installDate":1602087162000,"value":"@testpilot-containers","enabled":true}]},"websites.hyperlinkAuditingEnabled":{"initialValue":{},"precedenceList":[{"id":"uBlock0@raymondhill.net","installDate":1602087184000,"value":false,"enabled":true}]},"network.networkPredictionEnabled":{"initialValue":{},"precedenceList":[{"id":"uBlock0@raymondhill.net","installDate":1602087184000,"value":false,"enabled":true}]}},"default_search":{},"homepageNotification":{},"tabHideNotification":{},"newTabNotification":{}}