{"chrome://browser/content/browser.xhtml":{"main-window":{"screenX":"459","screenY":"55","width":"1000","height":"914","sizemode":"normal"},"sidebar-box":{"sidebarcommand":"","width":""},"sidebar-title":{"value":""}},"chrome://browser/content/places/places.xhtml":{"placesContentTags":{"ordinal":"3"},"placesContentUrl":{"ordinal":"5"},"placesContentDate":{"ordinal":"7"},"placesContentVisitCount":{"ordinal":"9"},"placesContentDateAdded":{"ordinal":"11"},"placesContentLastModified":{"ordinal":"13"},"places":{"screenX":"309","screenY":"57","width":"700","height":"500","sizemode":"normal"},"place:parent=menu________":{"open":"true"},"place:parent=6k_Po4XE-g4w":{"open":"true"},"place:type=6&sort=1":{"open":"true"}}}